product_id,product_name,brand,category,subcategory,shade_group,seasonality,status,stock_status,private_label,price_eur,pack_size,attributes,channel_revenue_eur_12w,channel_units_sold_12w,channel_margin_pct,channel_sales_trend_12w_pct,market_revenue_eur_12w,market_units_sold_12w,market_sales_trend_12w_pct
HC0001,Schwarzkopf Brilliance Icy Plum Winter Edition,Schwarzkopf,Beauty > Hair Coloration,Permanent Color,Winter,Winter,aktiv,in_stock,False,15.23,200 ml,grey coverage; oil-infused,12850.0,843,0.348,-0.99,181000.0,11884,0.18
HC0002,ZenBeauty Private Label Color Studio Sunlit Peach,ZenBeauty Private Label,Beauty > Hair Coloration,Semi-Permanent / Fashion Color,Summer,Summer,aktiv,in_stock,True,6.49,60 ml,vegan; direct dye,0.0,0,0.57,-1.0,64200.0,9892,0.31
HC0003,Arctic Fox Semi Permanent Electric Blue,Arctic Fox,Beauty > Hair Coloration,Semi-Permanent / Fashion Color,Vivid,Evergreen,inaktiv,out_of_stock,False,14.21,2 x 1 kit,vegan; high pigment,0.0,0,0.455,-0.23,72500.0,5102,0.27
HC0004,Wella Color Fresh Pearl Blonde Gloss,Wella,Beauty > Hair Coloration,Toner / Gloss,Ash Blonde,Evergreen,aktiv,low_stock,False,14.49,200 ml,shine boost; brass neutralising,220.0,18,0.325,0.547,134000.0,9248,0.42
HC0005,ZenBeauty Private Label Root Fix Medium Brown,ZenBeauty Private Label,Beauty > Hair Coloration,Root Touch-Up,Medium Brown,Evergreen,aktiv,in_stock,True,5.99,100 ml,10 minute; grey coverage,18500.0,3088,0.62,-0.187,201000.0,33556,0.08
HC0006,Garnier Olia Copper Glow,Garnier,Beauty > Hair Coloration,Permanent Color,Copper,Evergreen,aktiv,out_of_stock,False,4.77,100 ml,grey coverage; oil-infused,16400.0,3438,0.486,-0.63,238000.0,49895,0.21
HC0007,Manic Panic High Voltage Ultra Violet,Manic Panic,Beauty > Hair Coloration,Semi-Permanent / Fashion Color,Vivid,Evergreen,inaktiv,out_of_stock,False,18.92,100 ml,direct dye; high pigment,0.0,0,0.268,-0.379,310000.0,16384,0.36
HC0008,Crazy Color Semi Permanent Smoky Blonde,Crazy Color,Beauty > Hair Coloration,Permanent Color,Ash Blonde,Evergreen,aktiv,in_stock,False,12.85,150 ml,ammonia-free; grey coverage,4420.0,341,0.202,0.203,84656.46,7831,0.256
HC0009,John Frieda Go Blonder Light Golden Brown,John Frieda,Beauty > Hair Coloration,Permanent Color,Light Brown,Evergreen,inaktiv,in_stock,False,17.17,2 x 1 kit,oil-infused; multi-application,23.32,1,0.541,-0.285,8468.33,586,-0.464
HC0010,Manic Panic Classic Cream Ultra Violet,Manic Panic,Beauty > Hair Coloration,Semi-Permanent / Fashion Color,Vivid,Evergreen,inaktiv,in_stock,False,7.24,2 x 1 kit,high pigment; vegan,3749.33,536,0.383,0.401,71115.63,8109,0.246
HC0011,got2b Bright/Pastel Honey Blonde,got2b,Beauty > Hair Coloration,Permanent Color,Blonde,Evergreen,aktiv,in_stock,False,12.69,150 ml,ammonia-free; salon inspired,6265.13,531,0.552,0.486,65735.12,5209,0.309
HC0012,Bleach London Total Bleach Hazelnut Brown,Bleach London,Beauty > Hair Coloration,Permanent Color,Medium Brown,Evergreen,inaktiv,in_stock,False,8.62,60 ml,salon inspired; grey coverage,7388.24,928,0.553,-0.346,160912.14,19592,-0.21
HC0013,Naturtint Root Retouch Espresso Brown,Naturtint,Beauty > Hair Coloration,Permanent Color,Dark Brown,Evergreen,aktiv,in_stock,False,11.82,60 ml,salon inspired; grey coverage,6807.24,602,0.558,0.241,105354.34,7579,0.115
HC0014,Manic Panic High Voltage Chestnut Brown,Manic Panic,Beauty > Hair Coloration,Permanent Color,Medium Brown,Evergreen,inaktiv,in_stock,False,14.16,2 x 1 kit,oil-infused; grey coverage,5542.42,365,0.5,-0.273,125166.7,7717,-0.305
HC0015,Naturtint Root Retouch Cool Ash Blonde,Naturtint,Beauty > Hair Coloration,Permanent Color,Ash Blonde,Evergreen,aktiv,in_stock,False,7.38,2 x 1 kit,salon inspired; multi-application,22999.65,3083,0.208,0.323,225683.01,28298,0.269
HC0016,Schwarzkopf Live Coral Rose,Schwarzkopf,Beauty > Hair Coloration,Permanent Color,Summer,Summer,aktiv,low_stock,False,5.04,60 ml,grey coverage; multi-application,11161.19,2579,0.198,-0.014,267015.36,46914,-0.007
HC0017,Manic Panic Amplified Smoky Blonde,Manic Panic,Beauty > Hair Coloration,Permanent Color,Ash Blonde,Evergreen,aktiv,in_stock,False,14.93,1 kit,ammonia-free; multi-application,5904.27,394,0.451,0.453,65408.58,5358,0.495
HC0018,Madison Reed Root Touch Up Warm Auburn,Madison Reed,Beauty > Hair Coloration,Permanent Color,Auburn,Evergreen,aktiv,in_stock,False,22.41,100 ml,ammonia-free; salon inspired,6059.05,289,0.507,0.301,50463.03,2141,0.363
HC0019,Herbatint Permanent Herbal Color Light Blonde,Herbatint,Beauty > Hair Coloration,Men's Color,Blonde,Evergreen,aktiv,in_stock,False,12.84,200 ml,foam; natural finish,1509.07,135,0.491,-0.231,45135.75,4212,-0.122
HC0020,Syoss Root Retoucher Mahogany Auburn,Syoss,Beauty > Hair Coloration,Root Touch-Up,Auburn,Evergreen,aktiv,in_stock,False,17.42,200 ml,brush-on; spray,1206.98,77,0.291,0.328,34902.62,2360,0.322
HC0021,Naturtint Permanent Hair Color Silver Grey,Naturtint,Beauty > Hair Coloration,Permanent Color,Silver/Grey,Evergreen,aktiv,low_stock,False,14.55,100 ml,ammonia-free; multi-application,12414.74,850,0.414,0.246,164441.87,13643,0.374
HC0022,Madison Reed Color Reviving Gloss Mulled Wine,Madison Reed,Beauty > Hair Coloration,Toner / Gloss,Winter,Winter,aktiv,low_stock,False,33.35,150 ml,shine boost; colour refresh,2148.67,71,0.548,0.531,54053.15,1909,0.543
HC0023,Manic Panic High Voltage Mushroom Brown,Manic Panic,Beauty > Hair Coloration,Permanent Color,Light Brown,Evergreen,inaktiv,in_stock,False,11.08,2 x 1 kit,ammonia-free; salon inspired,1256.71,115,0.201,0.502,33080.7,3394,0.403
HC0024,Herbatint Permanent Herbal Color Natural Black,Herbatint,Beauty > Hair Coloration,Permanent Color,Black,Evergreen,aktiv,out_of_stock,False,6.15,200 ml,oil-infused; salon inspired,30499.52,5462,0.246,-0.139,522888.84,97776,-0.111
HC0025,ZenBeauty Private Label Gloss Lab Cool Ash Blonde,ZenBeauty Private Label,Beauty > Hair Coloration,Permanent Color,Ash Blonde,Evergreen,aktiv,in_stock,True,4.6,200 ml,multi-application; oil-infused,6094.85,1507,0.585,0.379,87011.15,16030,0.454
HC0026,Arctic Fox Bleach Please Apricot Copper,Arctic Fox,Beauty > Hair Coloration,Root Touch-Up,Copper,Evergreen,inaktiv,in_stock,False,8.53,1 kit,grey coverage; 10 minute,2850.49,322,0.322,-0.192,42458.73,5074,-0.271
HC0027,Crazy Color Platinum Toner Chocolate Brown,Crazy Color,Beauty > Hair Coloration,Color Care Add-on,Dark Brown,Evergreen,aktiv,low_stock,False,14.5,200 ml,bond repair; mask,1822.41,120,0.369,0.081,30682.39,2246,0.054
HC0028,Madison Reed Radiant Hair Color Chocolate Brown,Madison Reed,Beauty > Hair Coloration,Permanent Color,Dark Brown,Evergreen,aktiv,in_stock,False,30.03,150 ml,ammonia-free; salon inspired,1610.4,63,0.298,-0.089,43328.99,1694,-0.16
HC0029,ZenBeauty Private Label Color Studio Frosted Chestnut,ZenBeauty Private Label,Beauty > Hair Coloration,Permanent Color,Winter,Winter,aktiv,low_stock,True,6.38,150 ml,oil-infused; multi-application,8747.53,1206,0.528,0.146,197544.64,28228,0.189
HC0030,got2b Bright/Pastel Hazelnut Brown,got2b,Beauty > Hair Coloration,Men's Color,Medium Brown,Evergreen,aktiv,in_stock,False,5.93,200 ml,grey blending; 5 minute,2503.54,381,0.456,0.02,35056.88,5816,-0.148
HC0031,Herbatint Royal Cream Ultra Violet,Herbatint,Beauty > Hair Coloration,Bleach / Lightener,Vivid,Evergreen,aktiv,in_stock,False,10.65,2 x 1 kit,up to 8 levels; cream bleach,2044.27,183,0.408,-0.161,16480.26,1759,-0.296
HC0032,Arctic Fox Bleach Please Soft Black,Arctic Fox,Beauty > Hair Coloration,Permanent Color,Black,Evergreen,aktiv,in_stock,False,4.87,60 ml,salon inspired; oil-infused,2674.04,624,0.485,-0.275,29766.46,6474,-0.268
HC0033,Directions Pastel Toner Mushroom Brown,Directions,Beauty > Hair Coloration,Color Care Add-on,Light Brown,Evergreen,inaktiv,in_stock,False,16.93,150 ml,UV protection; bond repair,533.73,31,0.309,0.52,22010.83,1224,0.486
HC0034,Manic Panic Classic Cream Light Blonde,Manic Panic,Beauty > Hair Coloration,Permanent Color,Blonde,Evergreen,inaktiv,in_stock,False,7.44,1 kit,ammonia-free; oil-infused,24277.45,3469,0.243,0.101,196865.95,24017,0.12
HC0035,Syoss Root Retoucher Dark Blonde,Syoss,Beauty > Hair Coloration,Semi-Permanent / Fashion Color,Blonde,Evergreen,aktiv,low_stock,False,16.59,100 ml,no peroxide; high pigment,2935.23,167,0.346,0.484,81023.35,5643,0.487
HC0036,Clairol Root Touch-Up Almond Brown,Clairol,Beauty > Hair Coloration,Root Touch-Up,Light Brown,Evergreen,inaktiv,in_stock,False,11.09,100 ml,spray; temporary,2758.51,215,0.462,0.361,41589.73,4256,0.32
HC0037,Garnier Color Sensation Sunlit Peach,Garnier,Beauty > Hair Coloration,Permanent Color,Summer,Summer,aktiv,in_stock,False,5.94,100 ml,salon inspired; ammonia-free,15733.19,2876,0.562,0.177,109380.26,19153,0.316
HC0038,ZenBeauty Private Label Color Studio Coral Rose,ZenBeauty Private Label,Beauty > Hair Coloration,Semi-Permanent / Fashion Color,Summer,Summer,aktiv,in_stock,True,4.49,200 ml,high pigment; direct dye,81.09,16,0.467,-0.275,9685.34,2125,-0.236
HC0039,ZenBeauty Private Label Root Fix Caramel Brown,ZenBeauty Private Label,Beauty > Hair Coloration,Root Touch-Up,Medium Brown,Evergreen,inaktiv,in_stock,True,4.78,60 ml,brush-on; 10 minute,3337.31,800,0.546,-0.213,48743.45,9072,-0.187
HC0040,Kristin Ess Hair Gloss Dark Blonde,Kristin Ess,Beauty > Hair Coloration,Permanent Color,Blonde,Evergreen,aktiv,in_stock,False,32.32,150 ml,ammonia-free; multi-application,1234.08,42,0.235,-0.353,27207.41,931,-0.307
HC0041,Clairol Natural Instincts Chestnut Brown,Clairol,Beauty > Hair Coloration,Permanent Color,Medium Brown,Evergreen,aktiv,in_stock,False,15.89,2 x 1 kit,grey coverage; oil-infused,21389.25,1589,0.298,0.42,192114.57,14935,0.53
HC0042,Bleach London Super Cool Colour Mahogany Auburn,Bleach London,Beauty > Hair Coloration,Root Touch-Up,Auburn,Evergreen,aktiv,in_stock,False,9.83,100 ml,temporary; brush-on,6215.99,641,0.557,-0.122,88514.17,9714,-0.082
HC0043,Manic Panic High Voltage Blue Black,Manic Panic,Beauty > Hair Coloration,Permanent Color,Black,Evergreen,aktiv,out_of_stock,False,5.9,1 kit,multi-application; grey coverage,7330.8,1123,0.22,0.039,109929.08,18384,0.006
HC0044,Arctic Fox Bleach Please Hazelnut Brown,Arctic Fox,Beauty > Hair Coloration,Root Touch-Up,Medium Brown,Evergreen,aktiv,low_stock,False,12.38,60 ml,spray; grey coverage,11262.55,918,0.437,0.147,99444.58,8821,-0.025
HC0045,Wella Blondor Silver Grey,Wella,Beauty > Hair Coloration,Toner / Gloss,Silver/Grey,Evergreen,aktiv,in_stock,False,13.06,2 x 1 kit,colour refresh; shine boost,62.66,4,0.275,-0.126,1810.76,160,-0.243
HC0046,ZenBeauty Private Label Nature Color Spiced Copper,ZenBeauty Private Label,Beauty > Hair Coloration,Root Touch-Up,Copper,Evergreen,aktiv,in_stock,True,7.91,150 ml,brush-on; grey coverage,11625.93,1455,0.657,-0.377,81249.38,11388,-0.528
HC0047,Kristin Ess Rose Gold Temporary Tint Dark Blonde,Kristin Ess,Beauty > Hair Coloration,Men's Color,Blonde,Evergreen,aktiv,in_stock,False,20.82,1 kit,natural finish; grey blending,5693.9,272,0.339,0.28,92780.43,5224,0.213
HC0048,Wella Shinefinity Espresso Brown,Wella,Beauty > Hair Coloration,Permanent Color,Dark Brown,Evergreen,aktiv,in_stock,False,18.78,60 ml,grey coverage; salon inspired,11998.89,710,0.468,0.518,153981.1,9762,0.554
HC0049,Directions Colour Kit Chocolate Brown,Directions,Beauty > Hair Coloration,Permanent Color,Dark Brown,Evergreen,aktiv,in_stock,False,12.81,60 ml,grey coverage; ammonia-free,232.27,19,0.316,-0.444,6113.87,448,-0.311
HC0050,Wella Shinefinity Pearl Blonde,Wella,Beauty > Hair Coloration,Toner / Gloss,Ash Blonde,Evergreen,aktiv,in_stock,False,15.53,60 ml,clear gloss; bonding,10832.57,612,0.35,0.157,210625.26,13554,0.126
HC0051,Syoss Gloss Sensation Smoky Blonde,Syoss,Beauty > Hair Coloration,Permanent Color,Ash Blonde,Evergreen,aktiv,in_stock,False,7.69,1 kit,ammonia-free; oil-infused,47004.95,5471,0.272,0.109,687963.6,93010,0.169
HC0052,Schwarzkopf Brilliance Soft Black,Schwarzkopf,Beauty > Hair Coloration,Root Touch-Up,Black,Evergreen,aktiv,in_stock,False,14.78,100 ml,brush-on; grey coverage,81.19,6,0.518,-0.207,18033.59,1024,-0.175
HC0053,Herbatint Royal Cream Mocha Brown,Herbatint,Beauty > Hair Coloration,Permanent Color,Dark Brown,Evergreen,aktiv,out_of_stock,False,7.3,150 ml,oil-infused; salon inspired,16742.67,2154,0.241,0.309,132930.6,15989,0.156
HC0054,got2b Metallics Coral Rose,got2b,Beauty > Hair Coloration,Semi-Permanent / Fashion Color,Summer,Summer,aktiv,low_stock,False,5.48,100 ml,wash-out; high pigment,2303.97,423,0.513,-0.373,40074.82,6037,-0.242
HC0055,Arctic Fox Resurrected Sunlit Peach,Arctic Fox,Beauty > Hair Coloration,Semi-Permanent / Fashion Color,Summer,Summer,aktiv,in_stock,False,13.94,150 ml,wash-out; direct dye,1582.81,110,0.382,-0.277,29029.41,2335,-0.368
HC0056,dpHUE Root Touch-Up Kit Chestnut Brown,dpHUE,Beauty > Hair Coloration,Root Touch-Up,Medium Brown,Evergreen,aktiv,in_stock,False,29.35,1 kit,grey coverage; 10 minute,5464.98,179,0.237,-0.1,138925.59,5027,0.068
HC0057,Madison Reed Color Reviving Gloss Electric Blue,Madison Reed,Beauty > Hair Coloration,Semi-Permanent / Fashion Color,Vivid,Evergreen,aktiv,in_stock,False,33.59,200 ml,wash-out; vegan,2632.99,71,0.242,-0.154,45630.62,1698,-0.05
HC0058,eSalon Camo Mist Graphite,eSalon,Beauty > Hair Coloration,Bleach / Lightener,Silver/Grey,Evergreen,aktiv,in_stock,False,31.33,2 x 1 kit,cream bleach; blue powder,2917.35,93,0.479,-0.001,56980.41,1688,0.011
HC0059,dpHUE Root Touch-Up Kit Lavender Mist,dpHUE,Beauty > Hair Coloration,Semi-Permanent / Fashion Color,Pastel,Evergreen,aktiv,in_stock,False,25.69,100 ml,high pigment; direct dye,1404.61,53,0.465,0.066,18131.3,861,-0.069
HC0060,Manic Panic Amplified Lavender Mist,Manic Panic,Beauty > Hair Coloration,Permanent Color,Pastel,Evergreen,aktiv,low_stock,False,5.26,100 ml,grey coverage; oil-infused,9034.53,1964,0.497,-0.312,68641.57,14256,-0.389
HC0061,Arctic Fox Semi Permanent Beach Blonde,Arctic Fox,Beauty > Hair Coloration,Semi-Permanent / Fashion Color,Summer,Summer,aktiv,in_stock,False,12.45,2 x 1 kit,direct dye; wash-out,72.03,6,0.224,0.455,8938.04,722,0.49
HC0062,Madison Reed Radiant Hair Color Dark Blonde,Madison Reed,Beauty > Hair Coloration,Root Touch-Up,Blonde,Evergreen,aktiv,in_stock,False,27.37,200 ml,10 minute; brush-on,0.0,0,0.479,-0.093,1061.98,37,-0.249
HC0063,Clairol Natural Instincts Honey Blonde,Clairol,Beauty > Hair Coloration,Permanent Color,Blonde,Evergreen,inaktiv,in_stock,False,11.23,200 ml,salon inspired; oil-infused,19509.44,1655,0.26,-0.408,394527.02,28797,-0.252
HC0064,Naturtint Root Retouch Pearl Blonde,Naturtint,Beauty > Hair Coloration,Permanent Color,Ash Blonde,Evergreen,aktiv,in_stock,False,17.04,1 kit,oil-infused; ammonia-free,6802.52,393,0.378,0.048,147997.37,10753,0.201
HC0065,Manic Panic Classic Cream Neon Green,Manic Panic,Beauty > Hair Coloration,Semi-Permanent / Fashion Color,Vivid,Evergreen,aktiv,low_stock,False,9.24,1 kit,high pigment; no peroxide,1518.45,181,0.426,-0.015,29452.42,3857,0.035
HC0066,Crazy Color Semi Permanent Silver Grey,Crazy Color,Beauty > Hair Coloration,Toner / Gloss,Silver/Grey,Evergreen,aktiv,in_stock,False,15.82,200 ml,brass neutralising; shine boost,4176.08,312,0.485,0.124,82537.39,5047,0.135
HC0067,Schwarzkopf Poly Palette Smoky Blonde,Schwarzkopf,Beauty > Hair Coloration,Toner / Gloss,Ash Blonde,Evergreen,inaktiv,out_of_stock,False,14.7,60 ml,clear gloss; shine boost,752.83,44,0.465,0.547,9514.88,568,0.659
HC0068,Bleach London Super Cool Colour Mulled Wine,Bleach London,Beauty > Hair Coloration,Semi-Permanent / Fashion Color,Winter,Winter,aktiv,in_stock,False,13.74,200 ml,high pigment; wash-out,50.25,3,0.501,0.102,1726.28,121,0.142
HC0069,ZenBeauty Private Label Root Fix Dark Blonde,ZenBeauty Private Label,Beauty > Hair Coloration,Toner / Gloss,Blonde,Evergreen,inaktiv,in_stock,True,4.63,200 ml,colour refresh; clear gloss,6409.84,1597,0.499,-0.288,57920.43,14688,-0.131
HC0070,Wella Blondor Light Blonde,Wella,Beauty > Hair Coloration,Permanent Color,Blonde,Evergreen,aktiv,out_of_stock,False,12.3,60 ml,multi-application; grey coverage,14892.82,1172,0.196,0.414,269228.58,26611,0.263
HC0071,got2b Metallics Dark Blonde,got2b,Beauty > Hair Coloration,Root Touch-Up,Blonde,Evergreen,aktiv,in_stock,False,18.36,200 ml,brush-on; temporary,3345.67,182,0.262,0.157,22753.36,1261,0.09
HC0072,Clairol Nice'n Easy Apricot Copper,Clairol,Beauty > Hair Coloration,Toner / Gloss,Copper,Evergreen,aktiv,low_stock,False,8.37,1 kit,colour refresh; bonding,1464.44,201,0.311,0.128,29560.44,3079,0.061
HC0073,Directions Semi Permanent Pearl Blonde,Directions,Beauty > Hair Coloration,Bleach / Lightener,Ash Blonde,Evergreen,aktiv,low_stock,False,7.61,2 x 1 kit,cream bleach; bond builder,1356.22,184,0.352,0.432,33157.81,5146,0.514
HC0074,got2b Metallics Ruby Red,got2b,Beauty > Hair Coloration,Semi-Permanent / Fashion Color,Red,Evergreen,aktiv,in_stock,False,15.57,100 ml,no peroxide; high pigment,3504.46,265,0.26,0.059,77364.21,5663,0.059
HC0075,Crazy Color Platinum Toner Honey Blonde,Crazy Color,Beauty > Hair Coloration,Root Touch-Up,Blonde,Evergreen,aktiv,in_stock,False,9.11,150 ml,brush-on; 10 minute,2529.39,283,0.37,-0.433,47320.04,5471,-0.494
HC0076,Goldwell Colorance Coral Rose,Goldwell,Beauty > Hair Coloration,Root Touch-Up,Summer,Summer,aktiv,in_stock,False,13.38,1 kit,grey coverage; temporary,6232.48,550,0.188,-0.136,112597.21,7148,-0.261
HC0077,Garnier Movida Lavender Mist,Garnier,Beauty > Hair Coloration,Semi-Permanent / Fashion Color,Pastel,Evergreen,aktiv,in_stock,False,12.11,100 ml,direct dye; no peroxide,1872.06,170,0.457,0.16,37447.38,3368,0.049
HC0078,Madison Reed Color Reviving Gloss Neon Green,Madison Reed,Beauty > Hair Coloration,Semi-Permanent / Fashion Color,Vivid,Evergreen,aktiv,in_stock,False,31.72,150 ml,no peroxide; high pigment,1784.82,66,0.296,-0.162,58566.77,2145,-0.085
HC0079,John Frieda Defy Grey Dark Blonde,John Frieda,Beauty > Hair Coloration,Permanent Color,Blonde,Evergreen,inaktiv,in_stock,False,13.42,1 kit,oil-infused; salon inspired,10637.29,788,0.22,0.321,183359.8,15341,0.143
HC0080,Directions Pastel Toner Neon Green,Directions,Beauty > Hair Coloration,Semi-Permanent / Fashion Color,Vivid,Evergreen,aktiv,in_stock,False,17.66,1 kit,no peroxide; vegan,637.5,32,0.25,0.47,32814.86,2224,0.649
HC0081,Schwarzkopf Brilliance Light Blonde,Schwarzkopf,Beauty > Hair Coloration,Permanent Color,Blonde,Evergreen,aktiv,low_stock,False,12.37,200 ml,grey coverage; salon inspired,7789.23,571,0.283,-0.264,69911.75,5688,-0.179
HC0082,Goldwell Topchic Coral Rose,Goldwell,Beauty > Hair Coloration,Bleach / Lightener,Summer,Summer,aktiv,in_stock,False,13.58,100 ml,bond builder; cream bleach,783.37,68,0.469,-0.439,22546.74,1553,-0.384
HC0083,Madison Reed Root Touch Up Pearl Blonde,Madison Reed,Beauty > Hair Coloration,Permanent Color,Ash Blonde,Evergreen,aktiv,in_stock,False,23.71,200 ml,salon inspired; ammonia-free,11148.18,468,0.368,0.088,226316.3,9995,0.147
HC0084,Crazy Color Semi Permanent Smoky Blonde,Crazy Color,Beauty > Hair Coloration,Root Touch-Up,Ash Blonde,Evergreen,aktiv,in_stock,False,17.58,150 ml,grey coverage; 10 minute,1488.32,93,0.54,-0.005,33605.85,1949,-0.165
HC0085,Bleach London White Toner Deep Auburn,Bleach London,Beauty > Hair Coloration,Root Touch-Up,Auburn,Evergreen,inaktiv,low_stock,False,15.3,1 kit,temporary; brush-on,4282.82,244,0.193,-0.041,121014.24,9651,0.056
HC0086,ZenBeauty Private Label Nature Color Neon Green,ZenBeauty Private Label,Beauty > Hair Coloration,Root Touch-Up,Vivid,Evergreen,aktiv,in_stock,True,4.58,200 ml,10 minute; grey coverage,244.68,54,0.519,-0.22,24312.93,5964,-0.234
HC0087,Manic Panic High Voltage Sunlit Peach,Manic Panic,Beauty > Hair Coloration,Semi-Permanent / Fashion Color,Summer,Summer,inaktiv,in_stock,False,13.1,1 kit,wash-out; no peroxide,2049.07,162,0.49,-0.31,20859.05,1814,-0.132
HC0088,got2b Metallics Electric Blue,got2b,Beauty > Hair Coloration,Semi-Permanent / Fashion Color,Vivid,Evergreen,aktiv,in_stock,False,18.78,2 x 1 kit,wash-out; no peroxide,2741.08,133,0.402,-0.403,59276.93,3489,-0.459
HC0089,Manic Panic High Voltage Caramel Brown,Manic Panic,Beauty > Hair Coloration,Root Touch-Up,Medium Brown,Evergreen,aktiv,low_stock,False,8.85,2 x 1 kit,spray; 10 minute,18055.52,1829,0.261,0.197,433515.65,44541,0.349
HC0090,Naturtint Permanent Hair Color Honey Blonde,Naturtint,Beauty > Hair Coloration,Root Touch-Up,Blonde,Evergreen,aktiv,in_stock,False,14.99,150 ml,spray; temporary,4480.97,352,0.227,0.55,104387.62,8585,0.542
HC0091,Herbatint Vegetal Color Neon Green,Herbatint,Beauty > Hair Coloration,Semi-Permanent / Fashion Color,Vivid,Evergreen,aktiv,low_stock,False,8.96,60 ml,wash-out; high pigment,453.41,48,0.305,-0.404,23770.74,2364,-0.273
HC0092,Madison Reed Color Reviving Gloss Caramel Brown,Madison Reed,Beauty > Hair Coloration,Permanent Color,Medium Brown,Evergreen,inaktiv,low_stock,False,34.09,100 ml,ammonia-free; salon inspired,3307.78,107,0.236,0.097,72345.19,2034,-0.017
HC0093,Wella Color Fresh Pearl Blonde,Wella,Beauty > Hair Coloration,Color Care Add-on,Ash Blonde,Evergreen,aktiv,in_stock,False,13.1,200 ml,UV protection; bond repair,159.43,10,0.345,-0.433,16815.86,1334,-0.353
HC0094,Revlon Colorsilk Espresso Brown,Revlon,Beauty > Hair Coloration,Permanent Color,Dark Brown,Evergreen,aktiv,in_stock,False,8.15,150 ml,oil-infused; salon inspired,239.82,28,0.212,0.542,16312.58,2347,0.596
HC0095,Garnier Olia Neon Green,Garnier,Beauty > Hair Coloration,Semi-Permanent / Fashion Color,Vivid,Evergreen,aktiv,low_stock,False,15.86,200 ml,vegan; direct dye,132.04,9,0.199,-0.376,18579.31,1187,-0.223
HC0096,eSalon Custom Color Set Mocha Brown,eSalon,Beauty > Hair Coloration,Permanent Color,Dark Brown,Evergreen,aktiv,in_stock,False,28.01,1 kit,ammonia-free; multi-application,17170.56,690,0.211,0.295,225925.99,8954,0.24
HC0097,ZenBeauty Private Label Gloss Lab Beach Blonde,ZenBeauty Private Label,Beauty > Hair Coloration,Toner / Gloss,Summer,Summer,aktiv,in_stock,True,5.77,100 ml,shine boost; colour refresh,6825.59,1335,0.46,0.262,57689.89,11207,0.31
HC0098,Schwarzkopf Brilliance Light Golden Brown,Schwarzkopf,Beauty > Hair Coloration,Color Care Add-on,Light Brown,Evergreen,inaktiv,in_stock,False,10.74,200 ml,sulfate-free; UV protection,22.4,2,0.346,0.329,16097.94,1207,0.41
HC0099,Kristin Ess Rose Gold Temporary Tint Chestnut Brown,Kristin Ess,Beauty > Hair Coloration,Permanent Color,Medium Brown,Evergreen,aktiv,in_stock,False,25.73,2 x 1 kit,multi-application; oil-infused,8778.58,313,0.302,0.499,160101.52,5277,0.439
HC0100,eSalon Camo Mist Warm Auburn,eSalon,Beauty > Hair Coloration,Root Touch-Up,Auburn,Evergreen,inaktiv,in_stock,False,30.11,60 ml,spray; grey coverage,3661.17,144,0.31,-0.17,82156.82,3142,-0.067
HC0101,Bleach London White Toner Cool Ash Blonde,Bleach London,Beauty > Hair Coloration,Permanent Color,Ash Blonde,Evergreen,inaktiv,in_stock,False,16.54,60 ml,oil-infused; ammonia-free,33543.34,2024,0.36,0.148,332008.7,19463,0.178
HC0102,dpHUE Color Boosting Gloss Ultra Violet,dpHUE,Beauty > Hair Coloration,Semi-Permanent / Fashion Color,Vivid,Evergreen,aktiv,in_stock,False,29.51,1 kit,wash-out; direct dye,245.9,9,0.184,-0.191,18199.67,612,-0.187
HC0103,Arctic Fox Resurrected Almond Brown,Arctic Fox,Beauty > Hair Coloration,Root Touch-Up,Light Brown,Evergreen,inaktiv,in_stock,False,9.49,2 x 1 kit,10 minute; spray,1778.31,188,0.308,-0.15,34836.62,4087,-0.038
HC0104,Herbatint Vegetal Color Dark Blonde,Herbatint,Beauty > Hair Coloration,Root Touch-Up,Blonde,Evergreen,aktiv,low_stock,False,7.85,100 ml,10 minute; grey coverage,3206.65,375,0.336,0.255,30171.15,4099,0.149
HC0105,Bleach London Total Bleach Hazelnut Brown,Bleach London,Beauty > Hair Coloration,Permanent Color,Medium Brown,Evergreen,aktiv,in_stock,False,12.14,100 ml,ammonia-free; grey coverage,14887.66,1307,0.462,-0.153,189795.44,18231,-0.112
HC0106,Madison Reed Radiant Hair Color Caramel Brown,Madison Reed,Beauty > Hair Coloration,Permanent Color,Medium Brown,Evergreen,aktiv,in_stock,False,25.13,150 ml,grey coverage; salon inspired,2560.14,104,0.306,0.001,72625.74,2494,-0.16
HC0107,Kristin Ess Rose Gold Temporary Tint Light Blonde,Kristin Ess,Beauty > Hair Coloration,Color Care Add-on,Blonde,Evergreen,aktiv,in_stock,False,26.09,300 ml,mask; UV protection,392.93,14,0.406,0.323,6860.64,302,0.321
HC0108,Bleach London White Toner Mushroom Brown,Bleach London,Beauty > Hair Coloration,Toner / Gloss,Light Brown,Evergreen,aktiv,low_stock,False,5.98,100 ml,clear gloss; bonding,15242.84,2895,0.578,0.326,213564.79,35626,0.231
HC0109,Revlon Colorsilk Electric Blue,Revlon,Beauty > Hair Coloration,Semi-Permanent / Fashion Color,Vivid,Evergreen,inaktiv,out_of_stock,False,8.57,150 ml,direct dye; wash-out,2826.66,394,0.218,0.513,45680.1,5893,0.616
HC0110,Herbatint Permanent Herbal Color Caramel Brown,Herbatint,Beauty > Hair Coloration,Permanent Color,Medium Brown,Evergreen,aktiv,in_stock,False,12.86,2 x 1 kit,ammonia-free; oil-infused,5060.58,405,0.555,-0.081,111971.1,8055,0.081
HC0111,dpHUE Root Touch-Up Kit Electric Blue,dpHUE,Beauty > Hair Coloration,Bleach / Lightener,Vivid,Evergreen,aktiv,out_of_stock,False,24.16,2 x 1 kit,cream bleach; bond builder,846.66,39,0.43,0.387,34818.64,1182,0.213
HC0112,Manic Panic High Voltage Smoky Blonde,Manic Panic,Beauty > Hair Coloration,Permanent Color,Ash Blonde,Evergreen,aktiv,in_stock,False,5.84,60 ml,salon inspired; grey coverage,7209.73,1363,0.352,-0.359,55729.69,10877,-0.505
HC0113,Crazy Color Platinum Toner Blue Black,Crazy Color,Beauty > Hair Coloration,Semi-Permanent / Fashion Color,Black,Evergreen,aktiv,in_stock,False,14.55,100 ml,wash-out; direct dye,201.49,13,0.53,0.192,8539.85,684,0.256
HC0114,Arctic Fox Resurrected Espresso Brown,Arctic Fox,Beauty > Hair Coloration,Root Touch-Up,Dark Brown,Evergreen,inaktiv,in_stock,False,14.45,150 ml,brush-on; spray,4697.6,285,0.42,0.158,41652.42,3023,0.258
HC0115,Crazy Color Rainbow Care Pearl Blonde,Crazy Color,Beauty > Hair Coloration,Semi-Permanent / Fashion Color,Ash Blonde,Evergreen,aktiv,in_stock,False,11.67,2 x 1 kit,vegan; wash-out,841.19,84,0.524,0.118,39572.37,2914,0.07
HC0116,got2b Color Pop Hazelnut Brown,got2b,Beauty > Hair Coloration,Permanent Color,Medium Brown,Evergreen,aktiv,low_stock,False,11.84,100 ml,oil-infused; ammonia-free,13104.77,1179,0.304,0.061,96871.59,7566,-0.046
HC0117,Madison Reed Radiant Hair Color Electric Blue,Madison Reed,Beauty > Hair Coloration,Semi-Permanent / Fashion Color,Vivid,Evergreen,aktiv,low_stock,False,28.79,100 ml,vegan; wash-out,0.0,0,0.284,-0.078,7064.76,287,0.012
HC0118,eSalon Custom Color Set Pearl Blonde,eSalon,Beauty > Hair Coloration,Toner / Gloss,Ash Blonde,Evergreen,aktiv,low_stock,False,26.93,150 ml,shine boost; bonding,2236.93,96,0.226,0.291,33382.5,1367,0.112
HC0119,dpHUE Gloss+ Mocha Brown,dpHUE,Beauty > Hair Coloration,Root Touch-Up,Dark Brown,Evergreen,aktiv,out_of_stock,False,25.7,200 ml,temporary; brush-on,2434.79,97,0.252,0.354,23358.69,1096,0.527
HC0120,Madison Reed Radiant Hair Color Light Blonde,Madison Reed,Beauty > Hair Coloration,Permanent Color,Blonde,Evergreen,aktiv,in_stock,False,30.82,150 ml,ammonia-free; multi-application,4968.1,167,0.24,0.482,112782.18,4238,0.311
HC0121,Schwarzkopf Brilliance Cool Ash Blonde,Schwarzkopf,Beauty > Hair Coloration,Toner / Gloss,Ash Blonde,Evergreen,aktiv,in_stock,False,10.58,2 x 1 kit,shine boost; bonding,57.87,5,0.412,0.055,18675.96,2006,0.104
HC0122,Clairol Root Touch-Up Chestnut Brown,Clairol,Beauty > Hair Coloration,Permanent Color,Medium Brown,Evergreen,aktiv,low_stock,False,9.22,200 ml,oil-infused; multi-application,8226.31,791,0.306,-0.329,163863.04,17813,-0.38
HC0123,Syoss Root Retoucher Warm Auburn,Syoss,Beauty > Hair Coloration,Permanent Color,Auburn,Evergreen,aktiv,in_stock,False,7.61,1 kit,ammonia-free; oil-infused,16572.29,2078,0.25,0.502,208797.56,32075,0.63
HC0124,Syoss Oleo Intense Honey Blonde,Syoss,Beauty > Hair Coloration,Toner / Gloss,Blonde,Evergreen,inaktiv,in_stock,False,6.39,2 x 1 kit,clear gloss; shine boost,4666.01,828,0.206,0.452,80280.14,10173,0.432
HC0125,Garnier Movida Blue Black,Garnier,Beauty > Hair Coloration,Color Care Add-on,Black,Evergreen,aktiv,low_stock,False,11.68,300 ml,colour safe; mask,890.53,68,0.427,0.197,18136.39,1671,0.197
HC0126,Kristin Ess Hair Gloss Espresso Brown,Kristin Ess,Beauty > Hair Coloration,Permanent Color,Dark Brown,Evergreen,aktiv,low_stock,False,34.82,150 ml,oil-infused; multi-application,17092.87,483,0.308,-0.231,392016.86,9917,-0.089
HC0127,got2b Color Pop Sunlit Peach,got2b,Beauty > Hair Coloration,Men's Color,Summer,Summer,aktiv,in_stock,False,12.23,60 ml,beard compatible; 5 minute,4525.68,364,0.577,-0.276,91787.73,9162,-0.371
HC0128,dpHUE Color Boosting Gloss Honey Blonde,dpHUE,Beauty > Hair Coloration,Color Care Add-on,Blonde,Evergreen,aktiv,in_stock,False,21.8,300 ml,sulfate-free; colour safe,1395.96,62,0.501,0.418,39436.26,1591,0.259
HC0129,Crazy Color Rainbow Care Coral Rose,Crazy Color,Beauty > Hair Coloration,Bleach / Lightener,Summer,Summer,aktiv,in_stock,False,12.99,100 ml,developer included; blue powder,1195.78,93,0.463,0.112,28761.94,2087,0.252
HC0130,Kristin Ess Signature Gloss Cool Ash Blonde,Kristin Ess,Beauty > Hair Coloration,Permanent Color,Ash Blonde,Evergreen,inaktiv,in_stock,False,25.26,200 ml,oil-infused; ammonia-free,3526.94,166,0.534,-0.361,72493.86,2512,-0.286
HC0131,Naturtint Root Retouch Pearl Blonde,Naturtint,Beauty > Hair Coloration,Permanent Color,Ash Blonde,Evergreen,aktiv,in_stock,False,4.51,200 ml,ammonia-free; salon inspired,4831.94,1115,0.372,0.414,77126.52,14461,0.468
HC0132,Madison Reed Radiant Hair Color Hazelnut Brown,Madison Reed,Beauty > Hair Coloration,Permanent Color,Medium Brown,Evergreen,aktiv,in_stock,False,20.19,100 ml,ammonia-free; salon inspired,6740.24,397,0.402,0.476,47315.47,2306,0.49
HC0133,Kristin Ess Signature Gloss Icy Plum,Kristin Ess,Beauty > Hair Coloration,Semi-Permanent / Fashion Color,Winter,Winter,aktiv,in_stock,False,32.17,100 ml,no peroxide; high pigment,51.74,1,0.368,0.445,10795.91,386,0.36
HC0134,dpHUE Root Touch-Up Kit Blue Black,dpHUE,Beauty > Hair Coloration,Permanent Color,Black,Evergreen,inaktiv,in_stock,False,21.41,60 ml,salon inspired; grey coverage,12359.05,536,0.335,0.073,174186.25,6731,0.241
HC0135,Directions Colour Kit Light Golden Brown,Directions,Beauty > Hair Coloration,Permanent Color,Light Brown,Evergreen,aktiv,out_of_stock,False,16.1,150 ml,salon inspired; multi-application,189.3,13,0.349,0.538,23935.84,1273,0.515
HC0136,eSalon Custom Color Set Sunlit Peach,eSalon,Beauty > Hair Coloration,Bleach / Lightener,Summer,Summer,aktiv,in_stock,False,32.7,100 ml,up to 8 levels; developer included,175.1,4,0.413,0.515,5903.96,190,0.371
HC0137,Manic Panic Classic Cream Smoky Blonde,Manic Panic,Beauty > Hair Coloration,Permanent Color,Ash Blonde,Evergreen,aktiv,low_stock,False,8.48,2 x 1 kit,multi-application; oil-infused,0.0,0,0.548,0.447,6763.58,905,0.274
HC0138,Syoss Root Retoucher Mocha Brown,Syoss,Beauty > Hair Coloration,Color Care Add-on,Dark Brown,Evergreen,aktiv,in_stock,False,8.4,250 ml,sulfate-free; colour safe,852.08,113,0.508,0.065,32470.78,4600,-0.058
HC0139,ZenBeauty Private Label Color Studio Deep Auburn,ZenBeauty Private Label,Beauty > Hair Coloration,Permanent Color,Auburn,Evergreen,aktiv,low_stock,True,5.36,60 ml,ammonia-free; multi-application,23347.05,4608,0.573,-0.1,137867.74,22632,-0.221
HC0140,Schwarzkopf Blonde Espresso Brown,Schwarzkopf,Beauty > Hair Coloration,Root Touch-Up,Dark Brown,Evergreen,inaktiv,in_stock,False,7.75,200 ml,brush-on; temporary,1113.59,145,0.249,0.351,39738.42,4407,0.252
HC0141,Kristin Ess Signature Gloss Pearl Blonde,Kristin Ess,Beauty > Hair Coloration,Bleach / Lightener,Ash Blonde,Evergreen,inaktiv,in_stock,False,25.34,150 ml,up to 8 levels; developer included,518.65,21,0.223,-0.386,19298.42,711,-0.21
HC0142,John Frieda Precision Foam Spiced Copper,John Frieda,Beauty > Hair Coloration,Permanent Color,Copper,Evergreen,aktiv,in_stock,False,14.36,60 ml,oil-infused; multi-application,22956.5,1378,0.409,-0.26,305237.6,23777,-0.178
HC0143,Crazy Color Platinum Toner Mocha Brown,Crazy Color,Beauty > Hair Coloration,Permanent Color,Dark Brown,Evergreen,aktiv,low_stock,False,11.32,1 kit,salon inspired; multi-application,32316.38,3080,0.269,0.421,761015.38,60505,0.392
HC0144,Arctic Fox Resurrected Smoky Blonde,Arctic Fox,Beauty > Hair Coloration,Bleach / Lightener,Ash Blonde,Evergreen,aktiv,low_stock,False,5.52,150 ml,up to 8 levels; blue powder,5298.56,1102,0.26,-0.041,57799.49,9023,-0.016
HC0145,Wella Koleston Light Blonde,Wella,Beauty > Hair Coloration,Root Touch-Up,Blonde,Evergreen,aktiv,in_stock,False,13.92,1 kit,10 minute; brush-on,9741.28,701,0.352,0.027,195788.59,13970,-0.151
HC0146,Crazy Color Platinum Toner Smoky Blonde,Crazy Color,Beauty > Hair Coloration,Permanent Color,Ash Blonde,Evergreen,aktiv,in_stock,False,17.21,200 ml,oil-infused; multi-application,6631.65,455,0.388,0.074,42489.73,2481,0.05
HC0147,John Frieda Go Blonder Pastel Pink,John Frieda,Beauty > Hair Coloration,Permanent Color,Pastel,Evergreen,aktiv,low_stock,False,18.77,200 ml,ammonia-free; oil-infused,9069.62,541,0.418,-0.402,122880.66,7073,-0.543
HC0148,Arctic Fox Bleach Please Dark Blonde,Arctic Fox,Beauty > Hair Coloration,Root Touch-Up,Blonde,Evergreen,aktiv,in_stock,False,14.43,200 ml,brush-on; spray,130.08,10,0.427,-0.167,10875.01,776,-0.064
HC0149,dpHUE Gloss+ Spiced Copper,dpHUE,Beauty > Hair Coloration,Semi-Permanent / Fashion Color,Copper,Evergreen,aktiv,in_stock,False,26.68,2 x 1 kit,vegan; no peroxide,3219.58,140,0.363,0.527,35215.56,1438,0.442
HC0150,ZenBeauty Private Label Color Studio Cool Ash Blonde,ZenBeauty Private Label,Beauty > Hair Coloration,Toner / Gloss,Ash Blonde,Evergreen,aktiv,low_stock,True,7.31,1 kit,brass neutralising; shine boost,1041.47,161,0.67,-0.178,24631.0,2972,-0.219
HC0151,Clairol Nice'n Easy Hazelnut Brown,Clairol,Beauty > Hair Coloration,Semi-Permanent / Fashion Color,Medium Brown,Evergreen,aktiv,low_stock,False,11.49,150 ml,vegan; no peroxide,3109.46,313,0.537,0.033,68945.2,6764,0.029
HC0152,eSalon Camo Mist Burgundy Red,eSalon,Beauty > Hair Coloration,Permanent Color,Red,Evergreen,aktiv,low_stock,False,34.28,150 ml,ammonia-free; grey coverage,27901.5,829,0.437,-0.301,383560.22,12293,-0.183
HC0153,Crazy Color Semi Permanent Icy Plum,Crazy Color,Beauty > Hair Coloration,Toner / Gloss,Winter,Winter,aktiv,in_stock,False,7.98,60 ml,bonding; shine boost,708.09,89,0.359,-0.331,25781.95,3830,-0.332
HC0154,Bleach London White Toner Ultra Violet,Bleach London,Beauty > Hair Coloration,Semi-Permanent / Fashion Color,Vivid,Evergreen,aktiv,in_stock,False,12.64,150 ml,direct dye; vegan,3935.61,300,0.42,0.267,97657.25,8848,0.218
HC0155,eSalon Tint Rinse Dark Blonde,eSalon,Beauty > Hair Coloration,Root Touch-Up,Blonde,Evergreen,aktiv,in_stock,False,33.34,200 ml,10 minute; grey coverage,3571.47,95,0.266,0.375,39192.14,1391,0.264
HC0156,Arctic Fox Resurrected Honey Blonde,Arctic Fox,Beauty > Hair Coloration,Root Touch-Up,Blonde,Evergreen,aktiv,in_stock,False,12.18,1 kit,grey coverage; spray,9879.94,896,0.335,0.151,94319.32,6642,0.289
HC0157,Naturtint Root Retouch Chestnut Brown,Naturtint,Beauty > Hair Coloration,Root Touch-Up,Medium Brown,Evergreen,aktiv,in_stock,False,10.47,2 x 1 kit,spray; brush-on,12113.83,1362,0.26,0.174,272967.1,28278,0.099
HC0158,Syoss Gloss Sensation Pearl Silver,Syoss,Beauty > Hair Coloration,Toner / Gloss,Silver/Grey,Evergreen,aktiv,in_stock,False,8.64,150 ml,shine boost; clear gloss,2276.1,238,0.28,0.389,35079.12,3771,0.458
HC0159,Arctic Fox Resurrected Burgundy Red,Arctic Fox,Beauty > Hair Coloration,Permanent Color,Red,Evergreen,aktiv,in_stock,False,13.87,200 ml,grey coverage; oil-infused,6461.99,458,0.495,0.235,118517.33,8437,0.403
HC0160,Herbatint Royal Cream Lavender Mist,Herbatint,Beauty > Hair Coloration,Bleach / Lightener,Pastel,Evergreen,aktiv,in_stock,False,15.2,150 ml,up to 8 levels; bond builder,340.15,26,0.228,-0.409,9731.15,723,-0.489
HC0161,eSalon Custom Color Set Icy Plum,eSalon,Beauty > Hair Coloration,Root Touch-Up,Winter,Winter,aktiv,in_stock,False,33.91,150 ml,10 minute; brush-on,6256.35,177,0.254,-0.382,89571.44,2374,-0.38
HC0162,Herbatint Vegetal Color Graphite,Herbatint,Beauty > Hair Coloration,Bleach / Lightener,Silver/Grey,Evergreen,aktiv,in_stock,False,12.18,150 ml,developer included; up to 8 levels,2651.24,237,0.546,0.495,63730.97,4941,0.454
HC0163,Crazy Color Semi Permanent Pearl Blonde,Crazy Color,Beauty > Hair Coloration,Toner / Gloss,Ash Blonde,Evergreen,aktiv,in_stock,False,9.13,2 x 1 kit,shine boost; brass neutralising,2504.9,313,0.511,0.429,36441.19,3562,0.516
HC0164,ZenBeauty Private Label Gloss Lab Hazelnut Brown,ZenBeauty Private Label,Beauty > Hair Coloration,Root Touch-Up,Medium Brown,Evergreen,aktiv,low_stock,True,8.1,150 ml,grey coverage; 10 minute,10451.07,1150,0.436,0.296,122995.98,12188,0.132
HC0165,Madison Reed Radiant Hair Color Pearl Blonde,Madison Reed,Beauty > Hair Coloration,Toner / Gloss,Ash Blonde,Evergreen,aktiv,out_of_stock,False,32.14,100 ml,colour refresh; brass neutralising,438.43,13,0.566,0.417,17403.48,649,0.47
HC0166,Syoss Gloss Sensation Dark Blonde,Syoss,Beauty > Hair Coloration,Permanent Color,Blonde,Evergreen,inaktiv,low_stock,False,8.91,1 kit,salon inspired; oil-infused,6107.74,782,0.253,0.35,53788.58,5357,0.477
HC0167,Bleach London Total Bleach Cool Ash Blonde,Bleach London,Beauty > Hair Coloration,Permanent Color,Ash Blonde,Evergreen,aktiv,in_stock,False,11.55,150 ml,multi-application; oil-infused,6782.16,564,0.427,-0.144,131764.6,11440,-0.114
HC0168,Revlon Colorsilk Caramel Brown,Revlon,Beauty > Hair Coloration,Permanent Color,Medium Brown,Evergreen,inaktiv,low_stock,False,8.5,100 ml,grey coverage; multi-application,4748.17,570,0.438,-0.368,79459.31,7936,-0.447
HC0169,ZenBeauty Private Label Root Fix Mulled Wine,ZenBeauty Private Label,Beauty > Hair Coloration,Semi-Permanent / Fashion Color,Winter,Winter,inaktiv,in_stock,True,4.17,150 ml,wash-out; direct dye,3073.09,847,0.444,-0.086,79289.43,16356,-0.262
HC0170,Crazy Color Platinum Toner Mocha Brown,Crazy Color,Beauty > Hair Coloration,Permanent Color,Dark Brown,Evergreen,aktiv,in_stock,False,15.16,2 x 1 kit,multi-application; ammonia-free,8668.61,494,0.543,-0.089,61211.33,3605,-0.1
HC0171,Crazy Color Platinum Toner Apricot Copper,Crazy Color,Beauty > Hair Coloration,Semi-Permanent / Fashion Color,Copper,Evergreen,aktiv,in_stock,False,7.01,150 ml,wash-out; direct dye,3700.89,616,0.321,0.418,62485.9,9202,0.413
HC0172,Arctic Fox Resurrected Blue Black,Arctic Fox,Beauty > Hair Coloration,Permanent Color,Black,Evergreen,aktiv,in_stock,False,6.77,2 x 1 kit,salon inspired; grey coverage,20286.45,3255,0.416,0.197,231159.03,34675,0.165
HC0173,ZenBeauty Private Label Gloss Lab Espresso Brown,ZenBeauty Private Label,Beauty > Hair Coloration,Semi-Permanent / Fashion Color,Dark Brown,Evergreen,inaktiv,in_stock,True,6.02,2 x 1 kit,wash-out; vegan,909.57,135,0.582,0.061,16672.04,2941,-0.059
HC0174,Herbatint Permanent Herbal Color Espresso Brown,Herbatint,Beauty > Hair Coloration,Root Touch-Up,Dark Brown,Evergreen,aktiv,in_stock,False,14.41,150 ml,temporary; grey coverage,12704.24,913,0.217,0.209,225884.09,17847,0.354
HC0175,dpHUE Root Touch-Up Kit Silver Grey,dpHUE,Beauty > Hair Coloration,Bleach / Lightener,Silver/Grey,Evergreen,aktiv,in_stock,False,25.09,100 ml,bond builder; developer included,2808.76,113,0.524,-0.167,22109.49,797,-0.031
HC0176,Crazy Color Platinum Toner Pearl Blonde,Crazy Color,Beauty > Hair Coloration,Permanent Color,Ash Blonde,Evergreen,aktiv,in_stock,False,6.73,1 kit,multi-application; salon inspired,12101.9,1956,0.345,0.334,150240.38,25443,0.328
HC0177,got2b Bright/Pastel Cool Ash Blonde,got2b,Beauty > Hair Coloration,Permanent Color,Ash Blonde,Evergreen,aktiv,in_stock,False,6.22,200 ml,grey coverage; oil-infused,1462.91,265,0.454,-0.398,37208.51,6438,-0.438
HC0178,ZenBeauty Private Label Color Studio Blue Black,ZenBeauty Private Label,Beauty > Hair Coloration,Root Touch-Up,Black,Evergreen,aktiv,in_stock,True,8.91,200 ml,grey coverage; spray,5376.0,648,0.591,0.354,139919.73,15665,0.277
HC0179,ZenBeauty Private Label Nature Color Soft Black,ZenBeauty Private Label,Beauty > Hair Coloration,Permanent Color,Black,Evergreen,aktiv,in_stock,True,7.89,1 kit,grey coverage; oil-infused,6316.36,705,0.658,-0.102,121579.47,14300,0.065
HC0180,ZenBeauty Private Label Color Studio Spiced Copper,ZenBeauty Private Label,Beauty > Hair Coloration,Semi-Permanent / Fashion Color,Copper,Evergreen,aktiv,in_stock,True,8.73,150 ml,direct dye; wash-out,3715.94,505,0.573,-0.423,88139.56,10161,-0.561
HC0181,eSalon Camo Mist Hazelnut Brown,eSalon,Beauty > Hair Coloration,Root Touch-Up,Medium Brown,Evergreen,aktiv,in_stock,False,20.48,60 ml,brush-on; spray,232.85,10,0.453,0.46,20635.82,1235,0.46
HC0182,Herbatint Royal Cream Chestnut Brown,Herbatint,Beauty > Hair Coloration,Permanent Color,Medium Brown,Evergreen,aktiv,in_stock,False,6.23,1 kit,salon inspired; multi-application,8903.61,1372,0.532,0.125,195524.5,37791,0.044
HC0183,Kristin Ess Signature Gloss Dark Blonde,Kristin Ess,Beauty > Hair Coloration,Permanent Color,Blonde,Evergreen,inaktiv,in_stock,False,19.51,100 ml,grey coverage; multi-application,1825.9,89,0.45,-0.071,23765.79,979,-0.215
HC0184,Herbatint Vegetal Color Beach Blonde,Herbatint,Beauty > Hair Coloration,Permanent Color,Summer,Summer,aktiv,in_stock,False,7.54,100 ml,grey coverage; salon inspired,14346.47,2000,0.22,-0.18,123563.64,14795,-0.275
HC0185,Directions Pastel Toner Honey Blonde,Directions,Beauty > Hair Coloration,Toner / Gloss,Blonde,Evergreen,aktiv,in_stock,False,11.99,200 ml,clear gloss; colour refresh,9842.29,896,0.506,0.027,163486.86,11276,0.074
HC0186,Bleach London Total Bleach Electric Blue,Bleach London,Beauty > Hair Coloration,Semi-Permanent / Fashion Color,Vivid,Evergreen,aktiv,in_stock,False,17.07,60 ml,direct dye; no peroxide,3564.15,213,0.536,-0.069,55397.54,3671,-0.146
HC0187,Manic Panic High Voltage Pastel Pink,Manic Panic,Beauty > Hair Coloration,Semi-Permanent / Fashion Color,Pastel,Evergreen,aktiv,low_stock,False,9.04,2 x 1 kit,direct dye; no peroxide,5618.44,732,0.388,0.0,138516.91,17415,-0.12
HC0188,Wella Color Fresh Light Golden Brown,Wella,Beauty > Hair Coloration,Permanent Color,Light Brown,Evergreen,aktiv,low_stock,False,11.36,100 ml,multi-application; salon inspired,65.61,5,0.294,0.176,18876.69,1514,0.043
HC0189,Directions Pastel Toner Burgundy Red,Directions,Beauty > Hair Coloration,Root Touch-Up,Red,Evergreen,aktiv,in_stock,False,12.31,200 ml,spray; brush-on,4848.74,408,0.373,-0.223,77184.22,7580,-0.371
HC0190,Schwarzkopf Live Mahogany Auburn,Schwarzkopf,Beauty > Hair Coloration,Permanent Color,Auburn,Evergreen,aktiv,in_stock,False,4.61,150 ml,oil-infused; grey coverage,8701.33,1851,0.404,-0.055,82075.31,17541,-0.176
HC0191,Naturtint Reflex Dark Blonde,Naturtint,Beauty > Hair Coloration,Permanent Color,Blonde,Evergreen,aktiv,in_stock,False,8.43,200 ml,salon inspired; ammonia-free,14292.48,1506,0.361,0.25,92959.43,11081,0.247
HC0192,Revlon Colorsilk Caramel Brown,Revlon,Beauty > Hair Coloration,Color Care Add-on,Medium Brown,Evergreen,aktiv,in_stock,False,7.87,150 ml,colour safe; bond repair,438.89,56,0.312,0.394,28820.77,4233,0.557
HC0193,Revlon Total Color Ruby Red,Revlon,Beauty > Hair Coloration,Permanent Color,Red,Evergreen,aktiv,in_stock,False,8.1,200 ml,ammonia-free; salon inspired,0.0,0,0.369,0.231,15465.72,2371,0.163
HC0194,Naturtint Root Retouch Hazelnut Brown,Naturtint,Beauty > Hair Coloration,Root Touch-Up,Medium Brown,Evergreen,aktiv,low_stock,False,18.6,2 x 1 kit,temporary; 10 minute,198.6,12,0.456,0.238,7499.71,428,0.114
HC0195,ZenBeauty Private Label Nature Color Sunlit Peach,ZenBeauty Private Label,Beauty > Hair Coloration,Permanent Color,Summer,Summer,aktiv,in_stock,True,4.53,200 ml,salon inspired; oil-infused,8769.49,2142,0.608,-0.199,119575.2,21370,-0.365
HC0196,John Frieda Go Blonder Peach Sorbet,John Frieda,Beauty > Hair Coloration,Semi-Permanent / Fashion Color,Pastel,Evergreen,aktiv,low_stock,False,17.75,150 ml,direct dye; no peroxide,2831.75,135,0.332,-0.264,35796.63,2192,-0.437
HC0197,Wella Shinefinity Pastel Pink,Wella,Beauty > Hair Coloration,Semi-Permanent / Fashion Color,Pastel,Evergreen,aktiv,in_stock,False,13.15,100 ml,high pigment; wash-out,1521.49,136,0.193,-0.343,27721.67,1855,-0.454
HC0198,Crazy Color Semi Permanent Lavender Mist,Crazy Color,Beauty > Hair Coloration,Semi-Permanent / Fashion Color,Pastel,Evergreen,inaktiv,in_stock,False,5.52,200 ml,no peroxide; vegan,5745.04,906,0.555,-0.034,53513.14,10189,-0.081
HC0199,ZenBeauty Private Label Nature Color Dark Blonde,ZenBeauty Private Label,Beauty > Hair Coloration,Toner / Gloss,Blonde,Evergreen,aktiv,low_stock,True,4.96,150 ml,colour refresh; clear gloss,3745.24,844,0.603,-0.023,73416.26,15681,-0.166
HC0200,Revlon Total Color Lavender Mist,Revlon,Beauty > Hair Coloration,Semi-Permanent / Fashion Color,Pastel,Evergreen,aktiv,out_of_stock,False,16.74,60 ml,vegan; no peroxide,1834.91,107,0.478,-0.09,28570.33,1787,-0.107
HC0201,Goldwell Topchic Espresso Brown,Goldwell,Beauty > Hair Coloration,Permanent Color,Dark Brown,Evergreen,aktiv,in_stock,False,15.4,2 x 1 kit,grey coverage; ammonia-free,9351.23,572,0.28,-0.194,131842.53,10276,-0.266
HC0202,eSalon Camo Mist Dark Blonde,eSalon,Beauty > Hair Coloration,Toner / Gloss,Blonde,Evergreen,aktiv,in_stock,False,23.8,1 kit,bonding; shine boost,13.98,0,0.528,-0.223,16541.72,827,-0.168
HC0203,Madison Reed Root Touch Up Hazelnut Brown,Madison Reed,Beauty > Hair Coloration,Root Touch-Up,Medium Brown,Evergreen,aktiv,in_stock,False,19.8,200 ml,10 minute; temporary,6627.42,318,0.233,-0.367,101290.41,5000,-0.341
HC0204,Crazy Color Semi Permanent Pearl Blonde,Crazy Color,Beauty > Hair Coloration,Root Touch-Up,Ash Blonde,Evergreen,aktiv,in_stock,False,10.22,100 ml,brush-on; 10 minute,4816.4,471,0.41,-0.337,51728.53,5608,-0.368
HC0205,Madison Reed Color Reviving Gloss Caramel Brown,Madison Reed,Beauty > Hair Coloration,Permanent Color,Medium Brown,Evergreen,aktiv,low_stock,False,22.73,1 kit,oil-infused; ammonia-free,12397.2,582,0.513,-0.162,241204.44,9194,-0.218
HC0206,eSalon Custom Color Set Dark Blonde,eSalon,Beauty > Hair Coloration,Permanent Color,Blonde,Evergreen,aktiv,in_stock,False,28.96,60 ml,multi-application; ammonia-free,13340.55,423,0.289,0.015,132843.56,5107,0.175
HC0207,Schwarzkopf Poly Palette Silver Grey,Schwarzkopf,Beauty > Hair Coloration,Permanent Color,Silver/Grey,Evergreen,aktiv,in_stock,False,18.65,150 ml,grey coverage; ammonia-free,3835.54,207,0.189,-0.203,42875.8,2797,-0.192
HC0208,dpHUE Root Touch-Up Kit Deep Auburn,dpHUE,Beauty > Hair Coloration,Semi-Permanent / Fashion Color,Auburn,Evergreen,aktiv,in_stock,False,19.98,150 ml,direct dye; high pigment,1460.71,67,0.337,-0.313,52499.14,2506,-0.23
HC0209,Herbatint Vegetal Color Burgundy Red,Herbatint,Beauty > Hair Coloration,Semi-Permanent / Fashion Color,Red,Evergreen,aktiv,in_stock,False,6.4,150 ml,direct dye; no peroxide,4420.19,804,0.352,0.459,47532.83,8981,0.556
HC0210,Wella Color Fresh Sunlit Peach,Wella,Beauty > Hair Coloration,Semi-Permanent / Fashion Color,Summer,Summer,aktiv,low_stock,False,21.71,2 x 1 kit,no peroxide; direct dye,6695.89,362,0.492,-0.343,170179.04,7236,-0.456
HC0211,Goldwell Topchic Cool Ash Blonde,Goldwell,Beauty > Hair Coloration,Permanent Color,Ash Blonde,Evergreen,aktiv,in_stock,False,22.84,100 ml,grey coverage; salon inspired,7903.02,321,0.568,0.475,114109.68,4915,0.637
HC0212,Wella Shinefinity Mulled Wine,Wella,Beauty > Hair Coloration,Permanent Color,Winter,Winter,aktiv,in_stock,False,23.42,60 ml,oil-infused; ammonia-free,5613.49,282,0.394,0.191,112885.61,5096,0.264
HC0213,Herbatint Royal Cream Light Golden Brown,Herbatint,Beauty > Hair Coloration,Root Touch-Up,Light Brown,Evergreen,aktiv,in_stock,False,15.58,150 ml,spray; grey coverage,1772.76,133,0.541,0.014,20500.99,1461,0.067
HC0214,Kristin Ess Signature Gloss Mushroom Brown,Kristin Ess,Beauty > Hair Coloration,Root Touch-Up,Light Brown,Evergreen,inaktiv,in_stock,False,33.11,200 ml,grey coverage; spray,1569.69,41,0.434,-0.365,27458.02,926,-0.29
HC0215,Kristin Ess Signature Gloss Chocolate Brown,Kristin Ess,Beauty > Hair Coloration,Semi-Permanent / Fashion Color,Dark Brown,Evergreen,aktiv,in_stock,False,21.58,200 ml,vegan; high pigment,1009.99,54,0.181,0.315,14369.37,820,0.139
HC0216,Herbatint Vegetal Color Pearl Blonde,Herbatint,Beauty > Hair Coloration,Permanent Color,Ash Blonde,Evergreen,aktiv,low_stock,False,13.19,150 ml,ammonia-free; salon inspired,3954.45,270,0.195,0.404,82945.82,6879,0.464
HC0217,Syoss Root Retoucher Mocha Brown,Syoss,Beauty > Hair Coloration,Root Touch-Up,Dark Brown,Evergreen,aktiv,in_stock,False,13.12,200 ml,spray; 10 minute,6323.76,460,0.332,-0.382,145581.34,10717,-0.408
HC0218,Naturtint Permanent Hair Color Almond Brown,Naturtint,Beauty > Hair Coloration,Permanent Color,Light Brown,Evergreen,aktiv,out_of_stock,False,6.07,1 kit,grey coverage; oil-infused,22200.39,4371,0.424,-0.134,420172.48,64322,-0.125
HC0219,Crazy Color Semi Permanent Pearl Silver,Crazy Color,Beauty > Hair Coloration,Semi-Permanent / Fashion Color,Silver/Grey,Evergreen,aktiv,in_stock,False,18.69,60 ml,no peroxide; wash-out,3199.25,165,0.435,-0.439,85118.44,4791,-0.547
HC0220,Crazy Color Semi Permanent Ultra Violet,Crazy Color,Beauty > Hair Coloration,Semi-Permanent / Fashion Color,Vivid,Evergreen,aktiv,low_stock,False,14.99,100 ml,no peroxide; high pigment,3094.81,241,0.438,0.031,48860.17,3777,0.077
HC0221,Manic Panic Classic Cream Light Blonde,Manic Panic,Beauty > Hair Coloration,Bleach / Lightener,Blonde,Evergreen,aktiv,low_stock,False,9.06,200 ml,cream bleach; blue powder,1816.15,238,0.192,0.534,46925.04,4797,0.58
HC0222,Goldwell Topchic Warm Auburn,Goldwell,Beauty > Hair Coloration,Permanent Color,Auburn,Evergreen,aktiv,in_stock,False,16.78,200 ml,salon inspired; grey coverage,8949.44,474,0.491,0.463,87685.39,6026,0.443
HC0223,John Frieda Defy Grey Mushroom Brown,John Frieda,Beauty > Hair Coloration,Permanent Color,Light Brown,Evergreen,inaktiv,in_stock,False,15.65,2 x 1 kit,ammonia-free; multi-application,0.0,0,0.198,0.398,17323.24,1040,0.532
HC0224,Schwarzkopf Live Mahogany Auburn,Schwarzkopf,Beauty > Hair Coloration,Semi-Permanent / Fashion Color,Auburn,Evergreen,aktiv,in_stock,False,8.5,60 ml,direct dye; wash-out,37.33,4,0.32,-0.132,12731.78,1337,-0.261
HC0225,ZenBeauty Private Label Color Studio Graphite,ZenBeauty Private Label,Beauty > Hair Coloration,Permanent Color,Silver/Grey,Evergreen,aktiv,low_stock,True,4.24,100 ml,oil-infused; grey coverage,7474.48,1924,0.506,-0.252,176610.57,41679,-0.159
HC0226,Wella Shinefinity Sunlit Peach,Wella,Beauty > Hair Coloration,Toner / Gloss,Summer,Summer,aktiv,in_stock,False,21.72,200 ml,shine boost; clear gloss,971.58,40,0.312,0.411,17017.86,950,0.348
HC0227,Directions Pastel Toner Mocha Brown,Directions,Beauty > Hair Coloration,Root Touch-Up,Dark Brown,Evergreen,aktiv,low_stock,False,5.98,150 ml,temporary; brush-on,1841.65,328,0.57,-0.066,31619.51,5533,-0.123
HC0228,Bleach London White Toner Cool Ash Blonde,Bleach London,Beauty > Hair Coloration,Semi-Permanent / Fashion Color,Ash Blonde,Evergreen,aktiv,in_stock,False,12.82,200 ml,vegan; wash-out,2478.64,229,0.223,0.364,54793.93,3553,0.462
HC0229,John Frieda Defy Grey Icy Plum,John Frieda,Beauty > Hair Coloration,Toner / Gloss,Winter,Winter,aktiv,out_of_stock,False,6.65,200 ml,shine boost; colour refresh,2370.67,374,0.302,0.493,49019.36,8926,0.47
HC0230,ZenBeauty Private Label Color Studio Mushroom Brown,ZenBeauty Private Label,Beauty > Hair Coloration,Men's Color,Light Brown,Evergreen,aktiv,in_stock,True,8.09,1 kit,beard compatible; grey blending,205.03,24,0.562,0.212,11767.22,1414,0.203
HC0231,ZenBeauty Private Label Color Studio Ruby Red,ZenBeauty Private Label,Beauty > Hair Coloration,Permanent Color,Red,Evergreen,aktiv,in_stock,True,6.42,2 x 1 kit,salon inspired; oil-infused,1655.88,257,0.564,0.0,45268.15,6211,-0.052
HC0232,Herbatint Royal Cream Spiced Copper,Herbatint,Beauty > Hair Coloration,Semi-Permanent / Fashion Color,Copper,Evergreen,aktiv,low_stock,False,12.73,1 kit,high pigment; vegan,3641.49,341,0.492,0.015,42717.85,4169,-0.137
HC0233,Bleach London Super Cool Colour Pearl Blonde,Bleach London,Beauty > Hair Coloration,Toner / Gloss,Ash Blonde,Evergreen,aktiv,in_stock,False,11.29,1 kit,bonding; brass neutralising,2277.88,191,0.549,0.299,68967.91,4984,0.381
HC0234,ZenBeauty Private Label Root Fix Coral Rose,ZenBeauty Private Label,Beauty > Hair Coloration,Permanent Color,Summer,Summer,aktiv,low_stock,True,4.37,1 kit,grey coverage; ammonia-free,15649.63,3800,0.591,-0.08,169532.42,46924,-0.197
HC0235,eSalon Camo Mist Sunlit Peach,eSalon,Beauty > Hair Coloration,Men's Color,Summer,Summer,aktiv,low_stock,False,22.8,100 ml,foam; natural finish,707.5,34,0.247,-0.051,21092.95,788,-0.123
